"","NA.","salmon_list[, ""Run1""]","salmon_list[, ""Run1""]","salmon_list[, ""Run1""]","salmon_list[, ""Run1""]","salmon_list[, ""Run1""]","salmon_list[, ""Run1""]","salmon_list[, ""Run1""]","salmon_list[, ""Run1""]","salmon_list[, ""Run1""]","salmon_list[, ""Run1""]","salmon_list[, ""Run1""]","salmon_list[, ""Run1""]","salmon_list[, ""Run1""]","salmon_list[, ""Run1""]","salmon_list[, ""Run1""]","salmon_list[, ""Run1""]","salmon_list[, ""Run1""]","salmon_list[, ""Run1""]","salmon_list[, ""Run1""]","salmon_list[, ""Run1""]","salmon_list[, ""Run1""]","salmon_list[, ""Run1""]","salmon_list[, ""Run1""]","salmon_list[, ""Run1""]","salmon_list[, ""Run1""]","salmon_list[, ""Run1""]","salmon_list[, ""Run1""]","salmon_list[, ""Run1""]","salmon_list[, ""Run1""]","salmon_list[, ""Run1""]","salmon_list[, ""Run1""]","salmon_list[, ""Run1""]","salmon_list[, ""Run1""]","salmon_list[, ""Run1""]","salmon_list[, ""Run1""]","salmon_list[, ""Run1""]","salmon_list[, ""Run1""]","salmon_list[, ""Run1""]","salmon_list[, ""Run1""]","salmon_list[, ""Run1""]","salmon_list[, ""Run1""]","salmon_list[, ""Run1""]","salmon_list[, ""Run1""]","salmon_list[, ""Run1""]","salmon_list[, ""Run1""]","salmon_list[, ""Run1""]","salmon_list[, ""Run1""]","salmon_list[, ""Run1""]","salmon_list[, ""Run1""]","salmon_list[, ""Run1""]","salmon_list[, ""Run1""]","salmon_list[, ""Run1""]","salmon_list[, ""Run1""]","salmon_list[, ""Run1""]","salmon_list[, ""Run1""]","salmon_list[, ""Run1""]","salmon_list[, ""Run1""]","salmon_list[, ""Run1""]","salmon_list[, ""Run1""]","salmon_list[, ""Run1""]","salmon_list[, ""Run1""]","salmon_list[, ""Run1""]","salmon_list[, ""Run1""]","salmon_list[, ""Run1""]","salmon_list[, ""Run1""]","salmon_list[, ""Run1""]","salmon_list[, ""Run1""]","salmon_list[, ""Run1""]","salmon_list[, ""Run1""]","salmon_list[, ""Run1""]","salmon_list[, ""Run1""]","salmon_list[, ""Run1""]","salmon_list[, ""Run1""]","salmon_list[, ""Run1""]","salmon_list[, ""Run1""]","salmon_list[, ""Run1""]","salmon_list[, ""Run1""]","salmon_list[, ""Run1""]","salmon_list[, ""Run1""]","salmon_list[, ""Run1""]","salmon_list[, ""Run1""]","salmon_list[, ""Run1""]","salmon_list[, ""Run1""]","salmon_list[, ""Run1""]","salmon_list[, ""Run1""]","salmon_list[, ""Run1""]","salmon_list[, ""Run1""]","salmon_list[, ""Run1""]","salmon_list[, ""Run1""]","salmon_list[, ""Run1""]","salmon_list[, ""Run1""]","salmon_list[, ""Run1""]","salmon_list[, ""Run1""]","salmon_list[, ""Run1""]","salmon_list[, ""Run1""]","salmon_list[, ""Run1""]","salmon_list[, ""Run1""]","salmon_list[, ""Run1""]","salmon_list[, ""Run1""]","salmon_list[, ""Run1""]"
"1",NA,0,0,0,0,0,0,0,0,0,0,0,0,0,0,0,0,0,0,0,0,0,0,0,0,0,0,0,0,0,0,0,0,0,0,0,0,0,0,0,0,0,0,0,0,0,0,0,0,0,0,0,0,0,0,0,0,0,0,0,0,0,0,0,0,0,0,0,0,0,0,0,0,0,0,0,0,0,0,0,0,0,0,0,0,0,0,0,0,0,0,0,0,0,0,0,0,0,0,0,0
"2",NA,0,0,0,0,0,0,0,0,0,0,0,0,0,0,0,0,0,0,0,0,0,0,0,0,0,0,0,0,0,0,0,0,0,0,0,0,0,0,0,0,0,0,0,0,0,0,0,0,0,0,0,0,0,0,0,0,0,0,0,0,0,0,0,0,0,0,0,0,0,0,0,0,0,0,0,0,0,0,0,0,0,0,0,0,0,0,0,0,0,0,0,0,0,0,0,0,0,0,0,0
"3",NA,0,0,0,0,0,0,0,0,0,0,0,0,0,0,0,0,0,0,0,0,0,0,0,0,0,0,0,0,0,0,0,0,0,0,0,0,0,0,0,0,0,0,0,0,0,0,0,0,0,0,0,0,0,0,0,0,0,0,0,0,0,0,0,0,0,0,0,0,0,0,0,0,0,0,0,0,0,0,0,0,0,0,0,0,0,0,0,0,0,0,0,0,0,0,0,0,0,0,0,0
"4",NA,0,0,0,0,0,0,0,0,0,0,0,0,0,0,0,0,0,0,0,0,0,0,0,0,0,0,0,0,0,0,0,0,0,0,0,0,0,0,0,0,0,0,0,0,0,0,0,0,0,0,0,0,0,0,0,0,0,0,0,0,0,0,0,0,0,0,0,0,0,0,0,0,0,0,0,0,0,0,0,0,0,0,0,0,0,0,0,0,0,0,0,0,0,0,0,0,0,0,0,0
"5",NA,0,0,0,0,0,0,0,0,0,0,0,0,0,0,0,0,0,0,0,0,0,0,0,0,0,0,0,0,0,0,0,0,0,0,0,0,0,0,0,0,0,0,0,0,0,0,0,0,0,0,0,0,0,0,0,0,0,0,0,0,0,0,0,0,0,0,0,0,0,0,0,0,0,0,0,0,0,0,0,0,0,0,0,0,0,0,0,0,0,0,0,0,0,0,0,0,0,0,0,0
"6",NA,0,0,0,0,0,0,0,0,0,0,0,0,0,0,0,0,0,0,0,0,0,0,0,0,0,0,0,0,0,0,0,0,0,0,0,0,0,0,0,0,0,0,0,0,0,0,0,0,0,0,0,0,0,0,0,0,0,0,0,0,0,0,0,0,0,0,0,0,0,0,0,0,0,0,0,0,0,0,0,0,0,0,0,0,0,0,0,0,0,0,0,0,0,0,0,0,0,0,0,0
"7",NA,0,0,0,0,0,0,0,0,0,0,0,0,0,0,0,0,0,0,0,0,0,0,0,0,0,0,0,0,0,0,0,0,0,0,0,0,0,0,0,0,0,0,0,0,0,0,0,0,0,0,0,0,0,0,0,0,0,0,0,0,0,0,0,0,0,0,0,0,0,0,0,0,0,0,0,0,0,0,0,0,0,0,0,0,0,0,0,0,0,0,0,0,0,0,0,0,0,0,0,0
"8",NA,0,0,0,0,0,0,0,0,0,0,0,0,0,0,0,0,0,0,0,0,0,0,0,0,0,0,0,0,0,0,0,0,0,0,0,0,0,0,0,0,0,0,0,0,0,0,0,0,0,0,0,0,0,0,0,0,0,0,0,0,0,0,0,0,0,0,0,0,0,0,0,0,0,0,0,0,0,0,0,0,0,0,0,0,0,0,0,0,0,0,0,0,0,0,0,0,0,0,0,0
"9",NA,0,0,0,0,0,0,0,0,0,0,0,0,0,0,0,0,0,0,0,0,0,0,0,0,0,0,0,0,0,0,0,0,0,0,0,0,0,0,0,0,0,0,0,0,0,0,0,0,0,0,0,0,0,0,0,0,0,0,0,0,0,0,0,0,0,0,0,0,0,0,0,0,0,0,0,0,0,0,0,0,0,0,0,0,0,0,0,0,0,0,0,0,0,0,0,0,0,0,0,0
"10",NA,0,0,0,0,0,0,0,0,0,0,0,0,0,0,0,0,0,0,0,0,0,0,0,0,0,0,0,0,0,0,0,0,0,0,0,0,0,0,0,0,0,0,0,0,0,0,0,0,0,0,0,0,0,0,0,0,0,0,0,0,0,0,0,0,0,0,0,0,0,0,0,0,0,0,0,0,0,0,0,0,0,0,0,0,0,0,0,0,0,0,0,0,0,0,0,0,0,0,0,0
"11",NA,0,0,0,0,0,0,0,0,0,0,0,0,0,0,0,0,0,0,0,0,0,0,0,0,0,0,0,0,0,0,0,0,0,0,0,0,0,0,0,0,0,0,0,0,0,0,0,0,0,0,0,0,0,0,0,0,0,0,0,0,0,0,0,0,0,0,0,0,0,0,0,0,0,0,0,0,0,0,0,0,0,0,0,0,0,0,0,0,0,0,0,0,0,0,0,0,0,0,0,0
"12",NA,0,0,0,0,0,0,0,0,0,0,0,0,0,0,0,0,0,0,0,0,0,0,0,0,0,0,0,0,0,0,0,0,0,0,0,0,0,0,0,0,0,0,0,0,0,0,0,0,0,0,0,0,0,0,0,0,0,0,0,0,0,0,0,0,0,0,0,0,0,0,0,0,0,0,0,0,0,0,0,0,0,0,0,0,0,0,0,0,0,0,0,0,0,0,0,0,0,0,0,0
"13",NA,1,1,1,1,1,1,1,1,1,1,1,1,1,1,1,1,1,1,1,1,1,1,1,1,1,1,1,1,1,1,1,1,1,1,1,1,1,1,1,1,1,1,1,1,1,1,1,1,1,1,1,1,1,1,1,1,1,1,1,1,1,1,1,1,1,1,1,1,1,1,1,1,1,1,1,1,1,1,1,1,1,1,1,1,1,1,1,1,1,1,1,1,1,1,1,1,1,1,1,1
"14",NA,1,1,1,1,1,1,1,1,1,1,1,1,1,1,1,1,1,1,1,1,1,1,1,1,1,1,1,1,1,1,1,1,1,1,1,1,1,1,1,1,1,1,1,1,1,1,1,1,1,1,1,1,1,1,1,1,1,1,1,1,1,1,1,1,1,1,1,1,1,1,1,1,1,1,1,1,1,1,1,1,1,1,1,1,1,1,1,1,1,1,1,1,1,1,1,1,1,1,1,1
"15",NA,2,2,2,2,2,2,2,2,2,2,2,2,2,2,2,2,2,2,2,2,2,2,2,2,2,2,2,2,2,2,2,2,2,2,2,2,2,2,2,2,2,2,2,2,2,2,2,2,2,2,2,2,2,2,2,2,2,2,2,2,2,2,2,2,2,2,2,2,2,2,2,2,2,2,2,2,2,2,2,2,2,2,2,2,2,2,2,2,2,2,2,2,2,2,2,2,2,2,2,2
"16",NA,3,3,3,3,3,3,3,3,3,3,3,4,3,3,3,3,3,3,3,3,3,3,3,3,3,3,3,3,3,3,3,3,3,3,3,3,3,3,3,3,3,3,3,3,3,3,3,3,3,3,3,3,3,3,3,3,3,3,3,3,3,4,3,3,3,3,3,3,3,3,3,3,3,3,3,3,3,3,3,3,3,3,3,3,3,3,3,3,3,3,3,3,3,3,3,3,3,4,3,3
"17",NA,5,5,5,5,5,5,5,6,5,5,5,5,5,5,5,5,5,5,5,6,5,5,5,6,5,5,5,5,5,5,6,5,5,5,5,5,5,5,5,5,5,5,5,5,5,6,5,5,5,5,5,5,5,5,6,6,5,5,5,5,5,7,5,5,5,5,5,5,5,5,5,5,5,5,5,5,5,5,5,5,5,5,5,5,5,5,5,5,5,5,5,5,5,5,6,5,5,5,5,5
"18",NA,8,7,7,7,7,7,7,9,7,7,8,7,7,7,7,8,8,8,7,7,7,7,7,7,8,7,8,8,7,7,7,7,8,7,7,7,7,7,7,8,7,8,7,7,7,8,7,7,7,7,7,8,7,7,7,8,7,7,7,7,7,7,8,7,7,7,8,8,8,7,7,7,8,7,7,8,8,7,7,7,7,7,7,7,7,7,7,8,7,7,8,7,7,7,7,8,8,7,7,7
"19",NA,11,11,11,11,11,11,12,11,11,11,12,12,11,11,11,11,12,14,11,11,11,11,12,11,11,11,12,11,11,11,11,11,11,11,11,11,11,11,11,14,11,12,11,11,11,12,11,11,11,11,11,11,13,11,11,12,11,11,13,11,11,12,12,11,11,11,11,12,11,11,11,11,14,11,11,11,14,11,11,13,12,13,12,11,12,11,11,11,11,11,11,11,11,11,11,11,11,11,11,11
"20",NA,16,15,15,16,16,15,15,15,17,15,17,15,16,15,15,15,15,15,16,15,15,15,17,15,17,16,15,15,15,15,15,16,15,17,15,15,15,15,16,16,15,15,15,15,15,15,15,15,16,21,15,15,18,15,15,17,15,16,15,15,16,15,16,15,15,15,15,15,15,15,16,15,16,15,16,15,15,15,15,18,15,15,15,15,15,15,15,17,16,15,15,15,15,16,15,15,15,17,15,15
"21",NA,21,21,21,21,21,21,21,25,21,21,26,21,21,22,22,21,21,21,21,21,21,22,21,21,22,30,24,21,21,21,21,21,22,21,21,22,21,21,22,23,21,21,21,21,21,21,21,21,22,21,21,21,26,21,21,21,21,21,21,21,22,22,22,21,21,22,21,21,22,22,21,21,22,21,21,21,21,21,21,24,21,22,21,21,21,21,22,22,21,21,21,21,21,21,21,21,22,21,21,21
"22",NA,30,29,30,29,29,29,29,32,29,29,32,29,29,29,30,29,29,34,29,29,30,29,31,29,29,32,33,29,29,29,29,29,30,29,30,29,29,29,29,30,30,29,29,31,29,31,29,29,29,31,29,29,31,29,29,29,29,30,29,29,29,29,31,29,29,30,29,29,29,29,29,29,32,29,29,29,29,30,31,29,29,29,29,29,29,29,29,31,29,29,29,29,29,29,29,29,29,29,30,29
"23",NA,40,39,39,39,39,39,39,46,40,39,39,39,39,39,39,40,39,39,39,39,39,43,40,39,39,44,41,39,39,39,39,39,40,39,39,40,39,39,41,43,40,40,39,39,39,42,39,39,39,39,39,39,45,39,39,40,39,39,39,39,40,40,39,39,39,39,39,39,39,39,39,40,39,39,39,39,41,40,39,40,43,39,39,39,39,39,40,42,39,39,39,39,39,39,39,39,39,40,42,39
"24",NA,54,54,52,52,52,52,52,62,52,52,52,52,52,52,52,53,52,52,52,52,52,55,57,55,52,57,63,52,52,52,52,52,52,52,52,52,52,52,52,56,52,53,52,52,52,52,52,52,55,52,52,52,52,52,52,52,52,52,52,52,54,52,53,52,52,52,52,52,52,52,53,53,52,52,52,52,53,52,55,52,55,52,54,53,52,52,52,52,52,52,52,52,52,52,52,52,53,52,54,52
"25",NA,67,67,67,67,68,68,67,76,67,67,77,67,67,67,67,67,68,72,67,68,67,68,70,67,68,70,82,67,67,67,67,68,67,67,67,68,67,74,68,74,69,68,67,69,67,69,67,67,67,67,67,67,69,68,68,69,67,68,67,67,67,68,75,67,69,67,67,68,67,67,68,68,72,68,67,67,67,68,69,67,73,74,70,67,67,67,69,68,67,67,67,67,67,67,67,67,71,67,67,67
"26",NA,88,85,85,85,85,86,85,87,89,85,92,85,85,85,89,85,85,98,85,85,85,86,88,89,86,100,91,85,85,85,85,89,88,85,85,86,88,85,85,86,85,87,85,91,85,85,85,85,85,86,85,85,85,86,91,85,85,85,85,85,89,87,87,85,91,86,85,91,85,85,88,88,87,85,85,85,91,85,87,86,91,91,87,85,85,85,85,86,85,86,85,88,85,85,85,85,87,85,89,85
"27",NA,127,107,107,107,110,111,108,117,118,107,119,110,107,107,110,107,107,129,107,107,108,112,111,107,107,133,129,107,110,107,107,107,113,107,107,112,109,107,107,108,108,108,107,112,108,110,107,107,107,107,107,108,117,107,109,119,107,108,109,107,111,108,115,108,108,107,107,109,107,107,108,113,113,107,107,107,109,107,108,108,119,119,108,107,107,107,108,108,107,107,107,107,107,107,107,108,108,107,107,107
"28",NA,151,134,133,133,133,136,134,168,157,133,148,133,134,133,134,134,140,156,133,133,134,148,138,133,137,161,141,133,139,133,133,133,133,133,133,135,133,133,135,139,139,135,137,151,141,133,133,133,133,133,133,133,157,133,137,148,133,133,134,133,138,135,146,133,146,143,133,135,135,134,134,136,143,133,133,134,133,133,146,146,158,148,137,133,133,133,134,134,133,135,133,133,135,133,133,133,139,134,138,134
"29",NA,184,166,161,164,161,166,161,208,173,161,197,161,162,163,168,163,170,193,166,161,163,176,172,164,162,188,182,175,172,164,161,163,161,161,161,163,166,163,163,169,167,166,161,191,164,170,166,161,163,162,161,166,190,161,174,186,161,175,161,161,161,168,181,161,178,171,161,161,173,161,166,177,183,161,161,161,161,162,178,178,183,179,162,163,163,162,161,161,164,162,161,168,162,161,161,163,164,161,172,164
"30",NA,249,206,199,198,196,219,193,254,209,207,243,201,193,193,199,193,225,241,193,197,214,220,222,211,195,230,248,197,211,193,193,198,199,194,193,194,198,208,195,207,213,216,193,248,195,199,212,195,195,199,193,206,227,207,203,222,193,216,196,193,201,210,227,193,198,196,193,199,194,199,198,210,210,193,193,193,196,195,208,211,216,222,195,193,193,196,194,220,194,210,193,196,195,195,195,195,194,193,211,208
"31",NA,303,242,229,267,230,265,228,315,243,239,295,260,242,253,231,231,277,285,233,241,242,258,279,250,231,288,311,234,258,233,235,245,242,229,228,246,236,235,233,280,251,268,233,285,247,230,228,235,238,245,229,267,286,242,247,275,229,253,244,230,249,273,282,228,245,229,230,236,246,234,251,265,261,228,228,240,235,228,276,235,272,271,238,240,228,241,233,282,230,246,228,244,231,228,235,229,230,228,265,256
"32",NA,352,290,284,298,278,313,267,377,283,300,361,332,274,281,278,271,312,342,279,279,280,322,286,322,267,335,383,280,306,282,272,267,290,266,264,285,280,277,297,334,327,311,286,346,279,281,270,277,270,299,281,284,338,266,304,311,265,299,270,266,290,318,340,272,299,295,264,275,308,274,291,322,328,277,266,325,283,291,337,272,334,329,288,282,266,276,305,327,267,288,265,302,285,266,270,284,275,294,330,293
"33",NA,404,344,326,369,338,365,322,455,333,333,423,375,328,315,327,314,390,394,320,320,351,396,342,383,322,390,454,321,370,308,317,318,315,306,304,330,317,316,378,372,377,368,342,405,355,348,311,337,327,361,318,341,410,325,382,390,302,370,323,306,348,376,397,302,349,343,331,319,375,318,329,392,400,326,303,367,325,341,378,347,417,391,328,329,304,333,348,372,308,321,302,327,330,321,338,311,340,323,365,334
"34",NA,463,374,365,421,408,432,378,506,405,376,506,455,366,371,381,344,478,457,394,370,411,477,401,446,367,482,510,353,430,379,380,358,360,353,348,412,388,388,448,467,452,438,381,477,371,413,369,395,373,421,362,405,485,388,455,460,345,444,400,356,422,451,464,358,436,402,383,385,394,349,363,443,461,358,355,394,392,414,430,417,471,451,394,403,348,388,409,414,383,386,361,373,367,386,391,347,392,387,432,397
"35",NA,547,442,405,486,461,488,400,554,450,426,596,478,429,424,437,439,551,520,449,431,476,504,461,500,438,567,556,393,500,453,412,395,402,418,383,467,463,481,488,494,513,505,455,546,440,500,435,449,433,455,407,425,560,485,515,536,414,508,448,388,496,526,529,388,468,411,422,431,462,429,411,526,537,405,415,444,488,421,523,497,533,508,457,476,404,458,493,478,430,444,407,437,410,404,447,404,452,462,515,490
"36",NA,621,496,493,553,502,540,473,653,501,492,645,548,489,482,493,481,609,605,496,452,488,610,543,552,489,637,650,482,565,511,450,466,478,496,490,515,512,527,527,562,596,578,473,625,486,547,492,491,509,530,452,487,652,548,597,591,447,561,499,454,545,576,624,466,529,483,485,481,521,472,496,571,610,451,448,520,522,498,602,496,594,561,482,511,475,523,557,544,503,506,460,489,449,484,468,467,506,498,570,551
"37",NA,690,566,515,608,542,596,530,708,546,559,704,605,548,562,573,553,664,666,530,514,543,674,588,612,535,694,730,535,624,551,483,504,574,521,496,572,539,556,570,632,642,636,543,687,560,563,559,572,537,590,501,547,703,623,671,663,482,617,586,524,598,626,710,513,557,536,546,548,557,521,561,618,683,531,486,561,622,567,655,534,655,612,567,556,531,554,619,589,529,553,532,544,530,550,523,527,544,526,608,607
"38",NA,740,584,582,673,621,652,591,760,609,603,767,667,560,577,625,568,701,707,586,600,585,721,620,647,580,733,782,589,692,621,555,558,630,572,554,610,569,601,623,673,712,699,585,752,585,578,612,620,609,598,574,596,752,649,729,710,541,646,623,578,635,702,771,609,606,585,609,560,620,572,604,688,722,601,561,650,672,589,710,602,724,643,617,587,564,609,675,620,554,604,547,622,591,598,587,585,576,611,668,668
"39",NA,779,600,635,730,653,708,617,758,660,652,823,684,618,609,660,627,742,750,661,632,614,758,652,720,652,799,804,653,751,648,606,635,626,620,561,637,591,628,663,725,744,731,614,810,628,642,611,643,632,630,612,639,795,665,763,738,541,686,654,614,670,742,788,660,668,641,646,582,685,611,629,734,754,632,587,698,701,648,752,651,765,680,623,633,557,646,703,676,619,662,570,654,617,621,606,632,655,629,690,704
"40",NA,818,638,663,751,706,757,629,791,682,636,848,719,681,657,719,631,772,810,673,670,623,805,696,736,682,820,842,659,773,675,660,649,653,668,607,669,624,663,679,743,773,775,669,836,663,681,644,681,638,692,636,684,818,662,803,760,582,730,711,632,716,796,799,687,696,699,651,609,692,654,692,786,789,652,581,695,710,670,773,677,800,736,660,685,604,655,712,691,686,683,607,688,676,632,646,643,688,632,713,717
"41",NA,835,669,623,777,689,780,673,805,736,653,877,739,679,684,748,619,803,811,693,678,669,813,726,749,694,836,840,699,790,662,667,629,677,695,619,682,656,669,678,758,775,815,663,836,683,698,695,684,664,677,640,695,859,673,803,787,600,755,749,656,719,817,838,660,693,718,676,643,700,668,709,797,790,653,640,720,724,706,742,705,815,740,677,663,626,669,721,681,706,690,619,730,663,651,678,662,656,670,731,733
"42",NA,846,669,651,760,657,761,680,819,731,655,885,751,684,673,724,649,799,817,678,655,659,819,706,753,697,827,825,681,786,646,663,659,632,670,608,671,643,669,660,744,792,796,651,827,705,695,688,691,666,664,643,749,865,666,822,799,611,737,706,670,693,797,857,640,739,692,696,654,663,645,692,795,815,673,656,693,719,681,772,675,801,738,696,670,612,682,689,699,709,681,608,732,633,681,664,674,684,669,770,706
"43",NA,822,690,624,758,679,716,669,769,665,631,864,719,652,623,694,623,799,786,658,640,624,773,674,753,697,797,819,664,773,644,663,606,641,644,577,663,629,671,629,743,762,798,633,825,697,673,641,638,637,650,619,699,843,665,808,780,583,730,660,626,690,770,857,595,703,657,641,617,640,625,662,797,818,641,659,685,715,664,769,652,815,716,641,649,616,656,664,703,671,664,591,661,605,651,609,642,643,644,749,712
"44",NA,765,674,594,728,630,642,652,730,646,607,819,696,657,626,667,617,761,721,628,622,603,756,669,734,673,760,778,631,741,587,621,625,590,619,586,617,602,649,620,691,726,770,590,777,645,613,599,566,579,609,605,656,821,636,781,746,536,702,657,577,688,749,796,551,672,608,627,568,590,577,658,751,777,618,628,685,647,636,739,619,780,670,604,618,599,636,636,630,626,636,549,676,574,610,590,591,628,601,718,659
"45",NA,722,599,544,691,597,627,568,673,615,525,778,644,612,549,613,580,720,692,595,569,558,707,601,666,603,729,701,565,675,540,569,539,520,540,535,594,567,617,563,632,699,711,574,734,578,559,551,551,549,589,573,607,779,563,732,692,516,638,594,535,668,713,764,503,607,557,554,539,560,517,622,709,720,567,577,633,583,568,683,563,717,592,568,562,561,582,586,597,567,582,506,577,520,540,551,516,573,566,657,599
"46",NA,681,508,482,625,539,570,495,634,544,472,695,579,524,468,520,489,633,621,519,536,525,653,527,611,537,666,655,525,597,471,461,467,465,467,452,546,452,527,510,563,621,651,525,679,523,504,490,504,468,494,507,540,729,475,692,635,497,585,492,499,575,643,701,448,553,476,475,471,527,480,553,655,647,486,505,587,535,518,635,519,645,540,491,505,478,525,569,511,495,507,462,514,453,471,490,455,489,494,582,521
"47",NA,614,481,415,572,445,521,443,553,431,414,608,508,425,425,479,411,553,555,461,466,434,574,430,513,480,577,594,434,523,399,438,450,403,420,401,454,412,435,434,476,546,563,446,598,445,457,432,427,383,426,432,455,632,424,625,577,419,516,421,424,501,568,607,414,498,409,394,399,435,423,457,556,580,414,431,503,474,438,549,443,602,459,388,396,422,468,489,439,410,454,386,436,389,389,394,399,427,395,478,462
"48",NA,506,387,343,463,397,435,358,471,363,353,535,432,354,344,399,380,466,458,366,375,361,492,346,417,395,512,490,364,458,344,344,354,340,358,340,374,372,380,368,405,458,467,353,506,373,387,367,355,340,361,351,411,544,360,531,466,349,423,341,340,437,452,516,341,404,351,354,340,376,370,367,477,473,353,359,411,368,385,473,361,522,396,340,340,341,380,391,374,351,374,340,380,340,340,341,350,365,341,377,353
"49",NA,415,304,302,382,309,338,302,365,302,302,441,344,302,302,312,305,384,366,302,302,302,416,302,361,307,419,415,307,358,302,302,302,302,303,302,302,309,302,302,327,354,350,302,429,302,302,302,302,302,302,302,304,464,302,439,366,302,328,303,302,359,346,439,302,309,303,306,302,306,305,304,385,392,302,302,314,306,313,392,302,443,302,302,304,302,323,315,317,302,303,302,314,302,302,302,303,302,302,310,305
"50",NA,318,264,264,305,264,268,264,279,264,264,354,287,264,264,264,264,294,268,264,264,264,323,264,275,264,308,331,264,276,264,264,264,264,264,264,264,264,264,264,264,278,293,264,338,264,264,264,264,264,264,264,264,362,264,353,266,264,264,264,264,266,275,348,264,264,264,264,264,264,264,264,303,302,264,264,264,264,264,287,264,342,264,264,264,264,264,265,264,264,264,264,264,264,264,264,264,264,264,269,264
"51",NA,243,228,228,241,228,228,228,228,228,228,279,228,228,228,228,228,228,228,228,228,228,245,228,228,228,233,239,228,228,228,228,228,228,228,228,228,228,228,228,228,228,228,228,236,228,228,228,228,228,228,228,228,275,228,270,228,228,228,228,228,228,232,249,228,228,228,228,228,228,228,228,232,240,228,228,228,228,228,228,228,240,228,228,228,228,228,228,228,228,228,228,228,228,228,228,228,228,228,228,228
"52",NA,194,193,193,193,193,193,193,193,193,193,200,193,193,193,193,193,193,193,193,193,193,193,193,193,193,193,193,193,193,193,193,193,193,193,193,193,193,193,193,193,193,193,193,193,193,193,193,193,193,193,193,193,195,193,194,193,193,193,193,193,193,193,193,193,193,193,193,193,193,193,193,193,193,193,193,193,193,193,193,193,193,193,193,193,193,193,193,193,193,193,193,193,193,193,193,193,193,193,193,193
"53",NA,161,161,161,161,161,161,161,161,161,161,161,161,161,161,161,161,161,161,161,161,161,161,161,161,161,161,161,161,161,161,161,161,161,161,161,161,161,161,161,161,161,161,161,161,161,161,161,161,161,161,161,161,161,161,161,161,161,161,161,161,161,161,161,161,161,161,161,161,161,161,161,161,161,161,161,161,161,161,161,161,161,161,161,161,161,161,161,161,161,161,161,161,161,161,161,161,161,161,161,161
"54",NA,133,133,133,133,133,133,133,133,133,133,133,133,133,133,133,133,133,133,133,133,133,133,133,133,133,133,133,133,133,133,133,133,133,133,133,133,133,133,133,133,133,133,133,133,133,133,133,133,133,133,133,133,133,133,133,133,133,133,133,133,133,133,133,133,133,133,133,133,133,133,133,133,133,133,133,133,133,133,133,133,133,133,133,133,133,133,133,133,133,133,133,133,133,133,133,133,133,133,133,133
"55",NA,107,107,107,107,107,107,107,107,107,107,107,107,107,107,107,107,107,107,107,107,107,107,107,107,107,107,107,107,107,107,107,107,107,107,107,107,107,107,107,107,107,107,107,107,107,107,107,107,107,107,107,107,107,107,107,107,107,107,107,107,107,107,107,107,107,107,107,107,107,107,107,107,107,107,107,107,107,107,107,107,107,107,107,107,107,107,107,107,107,107,107,107,107,107,107,107,107,107,107,107
"56",NA,85,85,85,85,85,85,85,85,85,85,85,85,85,85,85,85,85,85,85,85,85,85,85,85,85,85,85,85,85,85,85,85,85,85,85,85,85,85,85,85,85,85,85,85,85,85,85,85,85,85,85,85,85,85,85,85,85,85,85,85,85,85,85,85,85,85,85,85,85,85,85,85,85,85,85,85,85,85,85,85,85,85,85,85,85,85,85,85,85,85,85,85,85,85,85,85,85,85,85,85
"57",NA,67,67,67,67,67,67,67,67,67,67,67,67,67,67,67,67,67,67,67,67,67,67,67,67,67,67,67,67,67,67,67,67,67,67,67,67,67,67,67,67,67,67,67,67,67,67,67,67,67,67,67,67,67,67,67,67,67,67,67,67,67,67,67,67,67,67,67,67,67,67,67,67,67,67,67,67,67,67,67,67,67,67,67,67,67,67,67,67,67,67,67,67,67,67,67,67,67,67,67,67
"58",NA,52,52,52,52,52,52,52,52,52,52,52,52,52,52,52,52,52,52,52,52,52,52,52,52,52,52,52,52,52,52,52,52,52,52,52,52,52,52,52,52,52,52,52,52,52,52,52,52,52,52,52,52,52,52,52,52,52,52,52,52,52,52,52,52,52,52,52,52,52,52,52,52,52,52,52,52,52,52,52,52,52,52,52,52,52,52,52,52,52,52,52,52,52,52,52,52,52,52,52,52
"59",NA,39,39,39,39,39,39,39,39,39,39,39,39,39,39,39,39,39,39,39,39,39,39,39,39,39,39,39,39,39,39,39,39,39,39,39,39,39,39,39,39,39,39,39,39,39,39,39,39,39,39,39,39,39,39,39,39,39,39,39,39,39,39,39,39,39,39,39,39,39,39,39,39,39,39,39,39,39,39,39,39,39,39,39,39,39,39,39,39,39,39,39,39,39,39,39,39,39,39,39,39
"60",NA,29,29,29,29,29,29,29,29,29,29,29,29,29,29,29,29,29,29,29,29,29,29,29,29,29,29,29,29,29,29,29,29,29,29,29,29,29,29,29,29,29,29,29,29,29,29,29,29,29,29,29,29,29,29,29,29,29,29,29,29,29,29,29,29,29,29,29,29,29,29,29,29,29,29,29,29,29,29,29,29,29,29,29,29,29,29,29,29,29,29,29,29,29,29,29,29,29,29,29,29
"61",NA,21,21,21,21,21,21,21,21,21,21,21,21,21,21,21,21,21,21,21,21,21,21,21,21,21,21,21,21,21,21,21,21,21,21,21,21,21,21,21,21,21,21,21,21,21,21,21,21,21,21,21,21,21,21,21,21,21,21,21,21,21,21,21,21,21,21,21,21,21,21,21,21,21,21,21,21,21,21,21,21,21,21,21,21,21,21,21,21,21,21,21,21,21,21,21,21,21,21,21,21
"62",NA,15,15,15,15,15,15,15,15,15,15,15,15,15,15,15,15,15,15,15,15,15,15,15,15,15,15,15,15,15,15,15,15,15,15,15,15,15,15,15,15,15,15,15,15,15,15,15,15,15,15,15,15,15,15,15,15,15,15,15,15,15,15,15,15,15,15,15,15,15,15,15,15,15,15,15,15,15,15,15,15,15,15,15,15,15,15,15,15,15,15,15,15,15,15,15,15,15,15,15,15
"63",NA,11,11,11,11,11,11,11,11,11,11,11,11,11,11,11,11,11,11,11,11,11,11,11,11,11,11,11,11,11,11,11,11,11,11,11,11,11,11,11,11,11,11,11,11,11,11,11,11,11,11,11,11,11,11,11,11,11,11,11,11,11,11,11,11,11,11,11,11,11,11,11,11,11,11,11,11,11,11,11,11,11,11,11,11,11,11,11,11,11,11,11,11,11,11,11,11,11,11,11,11
"64",NA,7,7,7,7,7,7,7,7,7,7,7,7,7,7,7,7,7,7,7,7,7,7,7,7,7,7,7,7,7,7,7,7,7,7,7,7,7,7,7,7,7,7,7,7,7,7,7,7,7,7,7,7,7,7,7,7,7,7,7,7,7,7,7,7,7,7,7,7,7,7,7,7,7,7,7,7,7,7,7,7,7,7,7,7,7,7,7,7,7,7,7,7,7,7,7,7,7,7,7,7
"65",NA,5,5,5,5,5,5,5,5,5,5,5,5,5,5,5,5,5,5,5,5,5,5,5,5,5,5,5,5,5,5,5,5,5,5,5,5,5,5,5,5,5,5,5,5,5,5,5,5,5,5,5,5,5,5,5,5,5,5,5,5,5,5,5,5,5,5,5,5,5,5,5,5,5,5,5,5,5,5,5,5,5,5,5,5,5,5,5,5,5,5,5,5,5,5,5,5,5,5,5,5
"66",NA,3,3,3,3,3,3,3,3,3,3,3,3,3,3,3,3,3,3,3,3,3,3,3,3,3,3,3,3,3,3,3,3,3,3,3,3,3,3,3,3,3,3,3,3,3,3,3,3,3,3,3,3,3,3,3,3,3,3,3,3,3,3,3,3,3,3,3,3,3,3,3,3,3,3,3,3,3,3,3,3,3,3,3,3,3,3,3,3,3,3,3,3,3,3,3,3,3,3,3,3
"67",NA,2,2,2,2,2,2,2,2,2,2,2,2,2,2,2,2,2,2,2,2,2,2,2,2,2,2,2,2,2,2,2,2,2,2,2,2,2,2,2,2,2,2,2,2,2,2,2,2,2,2,2,2,2,2,2,2,2,2,2,2,2,2,2,2,2,2,2,2,2,2,2,2,2,2,2,2,2,2,2,2,2,2,2,2,2,2,2,2,2,2,2,2,2,2,2,2,2,2,2,2
"68",NA,1,1,1,1,1,1,1,1,1,1,1,1,1,1,1,1,1,1,1,1,1,1,1,1,1,1,1,1,1,1,1,1,1,1,1,1,1,1,1,1,1,1,1,1,1,1,1,1,1,1,1,1,1,1,1,1,1,1,1,1,1,1,1,1,1,1,1,1,1,1,1,1,1,1,1,1,1,1,1,1,1,1,1,1,1,1,1,1,1,1,1,1,1,1,1,1,1,1,1,1
"69",NA,1,1,1,1,1,1,1,1,1,1,1,1,1,1,1,1,1,1,1,1,1,1,1,1,1,1,1,1,1,1,1,1,1,1,1,1,1,1,1,1,1,1,1,1,1,1,1,1,1,1,1,1,1,1,1,1,1,1,1,1,1,1,1,1,1,1,1,1,1,1,1,1,1,1,1,1,1,1,1,1,1,1,1,1,1,1,1,1,1,1,1,1,1,1,1,1,1,1,1,1
"70",NA,0,0,0,0,0,0,0,0,0,0,0,0,0,0,0,0,0,0,0,0,0,0,0,0,0,0,0,0,0,0,0,0,0,0,0,0,0,0,0,0,0,0,0,0,0,0,0,0,0,0,0,0,0,0,0,0,0,0,0,0,0,0,0,0,0,0,0,0,0,0,0,0,0,0,0,0,0,0,0,0,0,0,0,0,0,0,0,0,0,0,0,0,0,0,0,0,0,0,0,0
"71",NA,0,0,0,0,0,0,0,0,0,0,0,0,0,0,0,0,0,0,0,0,0,0,0,0,0,0,0,0,0,0,0,0,0,0,0,0,0,0,0,0,0,0,0,0,0,0,0,0,0,0,0,0,0,0,0,0,0,0,0,0,0,0,0,0,0,0,0,0,0,0,0,0,0,0,0,0,0,0,0,0,0,0,0,0,0,0,0,0,0,0,0,0,0,0,0,0,0,0,0,0
"72",NA,0,0,0,0,0,0,0,0,0,0,0,0,0,0,0,0,0,0,0,0,0,0,0,0,0,0,0,0,0,0,0,0,0,0,0,0,0,0,0,0,0,0,0,0,0,0,0,0,0,0,0,0,0,0,0,0,0,0,0,0,0,0,0,0,0,0,0,0,0,0,0,0,0,0,0,0,0,0,0,0,0,0,0,0,0,0,0,0,0,0,0,0,0,0,0,0,0,0,0,0
"73",NA,0,0,0,0,0,0,0,0,0,0,0,0,0,0,0,0,0,0,0,0,0,0,0,0,0,0,0,0,0,0,0,0,0,0,0,0,0,0,0,0,0,0,0,0,0,0,0,0,0,0,0,0,0,0,0,0,0,0,0,0,0,0,0,0,0,0,0,0,0,0,0,0,0,0,0,0,0,0,0,0,0,0,0,0,0,0,0,0,0,0,0,0,0,0,0,0,0,0,0,0
"74",NA,0,0,0,0,0,0,0,0,0,0,0,0,0,0,0,0,0,0,0,0,0,0,0,0,0,0,0,0,0,0,0,0,0,0,0,0,0,0,0,0,0,0,0,0,0,0,0,0,0,0,0,0,0,0,0,0,0,0,0,0,0,0,0,0,0,0,0,0,0,0,0,0,0,0,0,0,0,0,0,0,0,0,0,0,0,0,0,0,0,0,0,0,0,0,0,0,0,0,0,0
"75",NA,0,0,0,0,0,0,0,0,0,0,0,0,0,0,0,0,0,0,0,0,0,0,0,0,0,0,0,0,0,0,0,0,0,0,0,0,0,0,0,0,0,0,0,0,0,0,0,0,0,0,0,0,0,0,0,0,0,0,0,0,0,0,0,0,0,0,0,0,0,0,0,0,0,0,0,0,0,0,0,0,0,0,0,0,0,0,0,0,0,0,0,0,0,0,0,0,0,0,0,0
"76",NA,0,0,0,0,0,0,0,0,0,0,0,0,0,0,0,0,0,0,0,0,0,0,0,0,0,0,0,0,0,0,0,0,0,0,0,0,0,0,0,0,0,0,0,0,0,0,0,0,0,0,0,0,0,0,0,0,0,0,0,0,0,0,0,0,0,0,0,0,0,0,0,0,0,0,0,0,0,0,0,0,0,0,0,0,0,0,0,0,0,0,0,0,0,0,0,0,0,0,0,0
"77",NA,0,0,0,0,0,0,0,0,0,0,0,0,0,0,0,0,0,0,0,0,0,0,0,0,0,0,0,0,0,0,0,0,0,0,0,0,0,0,0,0,0,0,0,0,0,0,0,0,0,0,0,0,0,0,0,0,0,0,0,0,0,0,0,0,0,0,0,0,0,0,0,0,0,0,0,0,0,0,0,0,0,0,0,0,0,0,0,0,0,0,0,0,0,0,0,0,0,0,0,0
"78",NA,0,0,0,0,0,0,0,0,0,0,0,0,0,0,0,0,0,0,0,0,0,0,0,0,0,0,0,0,0,0,0,0,0,0,0,0,0,0,0,0,0,0,0,0,0,0,0,0,0,0,0,0,0,0,0,0,0,0,0,0,0,0,0,0,0,0,0,0,0,0,0,0,0,0,0,0,0,0,0,0,0,0,0,0,0,0,0,0,0,0,0,0,0,0,0,0,0,0,0,0
"79",NA,0,0,0,0,0,0,0,0,0,0,0,0,0,0,0,0,0,0,0,0,0,0,0,0,0,0,0,0,0,0,0,0,0,0,0,0,0,0,0,0,0,0,0,0,0,0,0,0,0,0,0,0,0,0,0,0,0,0,0,0,0,0,0,0,0,0,0,0,0,0,0,0,0,0,0,0,0,0,0,0,0,0,0,0,0,0,0,0,0,0,0,0,0,0,0,0,0,0,0,0
"80",NA,0,0,0,0,0,0,0,0,0,0,0,0,0,0,0,0,0,0,0,0,0,0,0,0,0,0,0,0,0,0,0,0,0,0,0,0,0,0,0,0,0,0,0,0,0,0,0,0,0,0,0,0,0,0,0,0,0,0,0,0,0,0,0,0,0,0,0,0,0,0,0,0,0,0,0,0,0,0,0,0,0,0,0,0,0,0,0,0,0,0,0,0,0,0,0,0,0,0,0,0
"81",NA,0,0,0,0,0,0,0,0,0,0,0,0,0,0,0,0,0,0,0,0,0,0,0,0,0,0,0,0,0,0,0,0,0,0,0,0,0,0,0,0,0,0,0,0,0,0,0,0,0,0,0,0,0,0,0,0,0,0,0,0,0,0,0,0,0,0,0,0,0,0,0,0,0,0,0,0,0,0,0,0,0,0,0,0,0,0,0,0,0,0,0,0,0,0,0,0,0,0,0,0
"82",NA,0,0,0,0,0,0,0,0,0,0,0,0,0,0,0,0,0,0,0,0,0,0,0,0,0,0,0,0,0,0,0,0,0,0,0,0,0,0,0,0,0,0,0,0,0,0,0,0,0,0,0,0,0,0,0,0,0,0,0,0,0,0,0,0,0,0,0,0,0,0,0,0,0,0,0,0,0,0,0,0,0,0,0,0,0,0,0,0,0,0,0,0,0,0,0,0,0,0,0,0
"83",NA,0,0,0,0,0,0,0,0,0,0,0,0,0,0,0,0,0,0,0,0,0,0,0,0,0,0,0,0,0,0,0,0,0,0,0,0,0,0,0,0,0,0,0,0,0,0,0,0,0,0,0,0,0,0,0,0,0,0,0,0,0,0,0,0,0,0,0,0,0,0,0,0,0,0,0,0,0,0,0,0,0,0,0,0,0,0,0,0,0,0,0,0,0,0,0,0,0,0,0,0
"84",NA,0,0,0,0,0,0,0,0,0,0,0,0,0,0,0,0,0,0,0,0,0,0,0,0,0,0,0,0,0,0,0,0,0,0,0,0,0,0,0,0,0,0,0,0,0,0,0,0,0,0,0,0,0,0,0,0,0,0,0,0,0,0,0,0,0,0,0,0,0,0,0,0,0,0,0,0,0,0,0,0,0,0,0,0,0,0,0,0,0,0,0,0,0,0,0,0,0,0,0,0
"85",NA,0,0,0,0,0,0,0,0,0,0,0,0,0,0,0,0,0,0,0,0,0,0,0,0,0,0,0,0,0,0,0,0,0,0,0,0,0,0,0,0,0,0,0,0,0,0,0,0,0,0,0,0,0,0,0,0,0,0,0,0,0,0,0,0,0,0,0,0,0,0,0,0,0,0,0,0,0,0,0,0,0,0,0,0,0,0,0,0,0,0,0,0,0,0,0,0,0,0,0,0
"86",NA,0,0,0,0,0,0,0,0,0,0,0,0,0,0,0,0,0,0,0,0,0,0,0,0,0,0,0,0,0,0,0,0,0,0,0,0,0,0,0,0,0,0,0,0,0,0,0,0,0,0,0,0,0,0,0,0,0,0,0,0,0,0,0,0,0,0,0,0,0,0,0,0,0,0,0,0,0,0,0,0,0,0,0,0,0,0,0,0,0,0,0,0,0,0,0,0,0,0,0,0
"87",NA,0,0,0,0,0,0,0,0,0,0,0,0,0,0,0,0,0,0,0,0,0,0,0,0,0,0,0,0,0,0,0,0,0,0,0,0,0,0,0,0,0,0,0,0,0,0,0,0,0,0,0,0,0,0,0,0,0,0,0,0,0,0,0,0,0,0,0,0,0,0,0,0,0,0,0,0,0,0,0,0,0,0,0,0,0,0,0,0,0,0,0,0,0,0,0,0,0,0,0,0
"88",NA,0,0,0,0,0,0,0,0,0,0,0,0,0,0,0,0,0,0,0,0,0,0,0,0,0,0,0,0,0,0,0,0,0,0,0,0,0,0,0,0,0,0,0,0,0,0,0,0,0,0,0,0,0,0,0,0,0,0,0,0,0,0,0,0,0,0,0,0,0,0,0,0,0,0,0,0,0,0,0,0,0,0,0,0,0,0,0,0,0,0,0,0,0,0,0,0,0,0,0,0
"89",NA,0,0,0,0,0,0,0,0,0,0,0,0,0,0,0,0,0,0,0,0,0,0,0,0,0,0,0,0,0,0,0,0,0,0,0,0,0,0,0,0,0,0,0,0,0,0,0,0,0,0,0,0,0,0,0,0,0,0,0,0,0,0,0,0,0,0,0,0,0,0,0,0,0,0,0,0,0,0,0,0,0,0,0,0,0,0,0,0,0,0,0,0,0,0,0,0,0,0,0,0
"90",NA,0,0,0,0,0,0,0,0,0,0,0,0,0,0,0,0,0,0,0,0,0,0,0,0,0,0,0,0,0,0,0,0,0,0,0,0,0,0,0,0,0,0,0,0,0,0,0,0,0,0,0,0,0,0,0,0,0,0,0,0,0,0,0,0,0,0,0,0,0,0,0,0,0,0,0,0,0,0,0,0,0,0,0,0,0,0,0,0,0,0,0,0,0,0,0,0,0,0,0,0
"91",NA,0,0,0,0,0,0,0,0,0,0,0,0,0,0,0,0,0,0,0,0,0,0,0,0,0,0,0,0,0,0,0,0,0,0,0,0,0,0,0,0,0,0,0,0,0,0,0,0,0,0,0,0,0,0,0,0,0,0,0,0,0,0,0,0,0,0,0,0,0,0,0,0,0,0,0,0,0,0,0,0,0,0,0,0,0,0,0,0,0,0,0,0,0,0,0,0,0,0,0,0
"92",NA,0,0,0,0,0,0,0,0,0,0,0,0,0,0,0,0,0,0,0,0,0,0,0,0,0,0,0,0,0,0,0,0,0,0,0,0,0,0,0,0,0,0,0,0,0,0,0,0,0,0,0,0,0,0,0,0,0,0,0,0,0,0,0,0,0,0,0,0,0,0,0,0,0,0,0,0,0,0,0,0,0,0,0,0,0,0,0,0,0,0,0,0,0,0,0,0,0,0,0,0
"93",NA,0,0,0,0,0,0,0,0,0,0,0,0,0,0,0,0,0,0,0,0,0,0,0,0,0,0,0,0,0,0,0,0,0,0,0,0,0,0,0,0,0,0,0,0,0,0,0,0,0,0,0,0,0,0,0,0,0,0,0,0,0,0,0,0,0,0,0,0,0,0,0,0,0,0,0,0,0,0,0,0,0,0,0,0,0,0,0,0,0,0,0,0,0,0,0,0,0,0,0,0
"94",NA,0,0,0,0,0,0,0,0,0,0,0,0,0,0,0,0,0,0,0,0,0,0,0,0,0,0,0,0,0,0,0,0,0,0,0,0,0,0,0,0,0,0,0,0,0,0,0,0,0,0,0,0,0,0,0,0,0,0,0,0,0,0,0,0,0,0,0,0,0,0,0,0,0,0,0,0,0,0,0,0,0,0,0,0,0,0,0,0,0,0,0,0,0,0,0,0,0,0,0,0
"95",NA,0,0,0,0,0,0,0,0,0,0,0,0,0,0,0,0,0,0,0,0,0,0,0,0,0,0,0,0,0,0,0,0,0,0,0,0,0,0,0,0,0,0,0,0,0,0,0,0,0,0,0,0,0,0,0,0,0,0,0,0,0,0,0,0,0,0,0,0,0,0,0,0,0,0,0,0,0,0,0,0,0,0,0,0,0,0,0,0,0,0,0,0,0,0,0,0,0,0,0,0
"96",NA,0,0,0,0,0,0,0,0,0,0,0,0,0,0,0,0,0,0,0,0,0,0,0,0,0,0,0,0,0,0,0,0,0,0,0,0,0,0,0,0,0,0,0,0,0,0,0,0,0,0,0,0,0,0,0,0,0,0,0,0,0,0,0,0,0,0,0,0,0,0,0,0,0,0,0,0,0,0,0,0,0,0,0,0,0,0,0,0,0,0,0,0,0,0,0,0,0,0,0,0
"97",NA,0,0,0,0,0,0,0,0,0,0,0,0,0,0,0,0,0,0,0,0,0,0,0,0,0,0,0,0,0,0,0,0,0,0,0,0,0,0,0,0,0,0,0,0,0,0,0,0,0,0,0,0,0,0,0,0,0,0,0,0,0,0,0,0,0,0,0,0,0,0,0,0,0,0,0,0,0,0,0,0,0,0,0,0,0,0,0,0,0,0,0,0,0,0,0,0,0,0,0,0
"98",NA,0,0,0,0,0,0,0,0,0,0,0,0,0,0,0,0,0,0,0,0,0,0,0,0,0,0,0,0,0,0,0,0,0,0,0,0,0,0,0,0,0,0,0,0,0,0,0,0,0,0,0,0,0,0,0,0,0,0,0,0,0,0,0,0,0,0,0,0,0,0,0,0,0,0,0,0,0,0,0,0,0,0,0,0,0,0,0,0,0,0,0,0,0,0,0,0,0,0,0,0
"99",NA,0,0,0,0,0,0,0,0,0,0,0,0,0,0,0,0,0,0,0,0,0,0,0,0,0,0,0,0,0,0,0,0,0,0,0,0,0,0,0,0,0,0,0,0,0,0,0,0,0,0,0,0,0,0,0,0,0,0,0,0,0,0,0,0,0,0,0,0,0,0,0,0,0,0,0,0,0,0,0,0,0,0,0,0,0,0,0,0,0,0,0,0,0,0,0,0,0,0,0,0
"100",NA,0,0,0,0,0,0,0,0,0,0,0,0,0,0,0,0,0,0,0,0,0,0,0,0,0,0,0,0,0,0,0,0,0,0,0,0,0,0,0,0,0,0,0,0,0,0,0,0,0,0,0,0,0,0,0,0,0,0,0,0,0,0,0,0,0,0,0,0,0,0,0,0,0,0,0,0,0,0,0,0,0,0,0,0,0,0,0,0,0,0,0,0,0,0,0,0,0,0,0,0
"101",NA,0,0,0,0,0,0,0,0,0,0,0,0,0,0,0,0,0,0,0,0,0,0,0,0,0,0,0,0,0,0,0,0,0,0,0,0,0,0,0,0,0,0,0,0,0,0,0,0,0,0,0,0,0,0,0,0,0,0,0,0,0,0,0,0,0,0,0,0,0,0,0,0,0,0,0,0,0,0,0,0,0,0,0,0,0,0,0,0,0,0,0,0,0,0,0,0,0,0,0,0
"102",NA,0,0,0,0,0,0,0,0,0,0,0,0,0,0,0,0,0,0,0,0,0,0,0,0,0,0,0,0,0,0,0,0,0,0,0,0,0,0,0,0,0,0,0,0,0,0,0,0,0,0,0,0,0,0,0,0,0,0,0,0,0,0,0,0,0,0,0,0,0,0,0,0,0,0,0,0,0,0,0,0,0,0,0,0,0,0,0,0,0,0,0,0,0,0,0,0,0,0,0,0
"103",NA,0,0,0,0,0,0,0,0,0,0,0,0,0,0,0,0,0,0,0,0,0,0,0,0,0,0,0,0,0,0,0,0,0,0,0,0,0,0,0,0,0,0,0,0,0,0,0,0,0,0,0,0,0,0,0,0,0,0,0,0,0,0,0,0,0,0,0,0,0,0,0,0,0,0,0,0,0,0,0,0,0,0,0,0,0,0,0,0,0,0,0,0,0,0,0,0,0,0,0,0
"104",NA,0,0,0,0,0,0,0,0,0,0,0,0,0,0,0,0,0,0,0,0,0,0,0,0,0,0,0,0,0,0,0,0,0,0,0,0,0,0,0,0,0,0,0,0,0,0,0,0,0,0,0,0,0,0,0,0,0,0,0,0,0,0,0,0,0,0,0,0,0,0,0,0,0,0,0,0,0,0,0,0,0,0,0,0,0,0,0,0,0,0,0,0,0,0,0,0,0,0,0,0
"105",NA,0,0,0,0,0,0,0,0,0,0,0,0,0,0,0,0,0,0,0,0,0,0,0,0,0,0,0,0,0,0,0,0,0,0,0,0,0,0,0,0,0,0,0,0,0,0,0,0,0,0,0,0,0,0,0,0,0,0,0,0,0,0,0,0,0,0,0,0,0,0,0,0,0,0,0,0,0,0,0,0,0,0,0,0,0,0,0,0,0,0,0,0,0,0,0,0,0,0,0,0
